"url","title","year","outlet","lean","content","event_code","event_label"
"https://www.cnn.com/2025/12/31/politics/us-strikes-alleged-drug-vessels","US military says at least eight killed in new strikes on alleged drug boats, with survivors abandoning ship","2025","CNN","left","US military strikes against alleged drug boats have killed at least eight people over the past two days – the latest salvos in the United States' escalating actions against what it says are drug traffickers.
US Southern Command said the military struck two boats “operated by Designated Terrorist Organizations,” killing five people.
The day before, Tuesday, the US struck what it described as a “convoy” of three boats participating in the trafficking of narcotics, SOUTHCOM announced in a post to X on Wednesday. Three people aboard one boat were killed, while those in the other two abandoned their vessel.
SOUTHCOM said it notified the US Coast Guard after Tuesday's strike to activate search and rescue efforts. It's unclear whether any survivors have been recovered.
“The U.S. Coast Guard is coordinating search and rescue operations with vessels in the area,” a USCG spokesperson said in a statement, adding that “a Coast Guard C-130 aircraft is en route to provide further search coverage with the ability to drop a survival raft and supplies.”
The announcement of the latest US strikes offered no details about where they occurred – not even a body of water – as has been the case in the past. The military only said the Tuesday strikes occurred in “international waters.”
Earlier this week, on Monday, the US military said it struck a boat in the eastern Pacific Ocean
, killing two people on board. That brings the total from three days of strikes this week to 10 people killed and six boats sunk, according to SOUTHCOM's information.
US strikes were first concentrated in the Caribbean Sea but the focus was later shifted to the eastern Pacific Ocean because administration officials believed they had stronger evidence linking cocaine transport to the US from those western routes, CNN previously reported.
CNN has reached out to Southern Command regarding the search and rescue mission for any survivors of Tuesday's strikes.
The Pentagon has rarely been proactive in acknowledging the survivors of prior strikes and military officials have come under intense scrutiny for their handling of those cases.
The most controversial was the first known strike against an alleged drug boat on September 2, in which CNN reported that US forces carried out a “follow-on strike” killing two survivors of the initial blast.
That revelation has prompted allegations of a possible war crime with some lawmakers demanding answers from the commander in charge.
In a subsequent strike, survivors were briefly detained aboard a US Navy ship before they were repatriated back to their home countries. In a third strike, the Pentagon contacted Mexican officials and tasked them with leading a search and rescue mission for one survivor who was never located. That individual is now presumed dead.
The new strikes bring the total number of vessels targeted by the US to at least 36 and the number of fatalities to at least 115 since the US began its campaign in September.
The Trump administration has claimed it is carrying out the strikes to stop the flow of drugs into the United States, but administration officials have also suggested they are part of a pressure campaign aimed at ousting Venezuelan leader Nicolás Maduro, from whose country many of the stricken vessels have originated.
White House chief of staff Susie Wiles told Vanity Fair in interviews for a story published earlier this month that Trump wants to keep targeting boats until Maduro “cries uncle.”
Last week President Donald Trump said the United States took out a “big facility” as part of a pressure campaign against Venezuela that has included a massive US naval and troop buildup in the Caribbean and a blockade of sanctioned oil tankers, in addition to the strikes.
The CIA carried out a drone strike earlier this month on a port facility on the coast of Venezuela, sources familiar with the matter told CNN
, marking the first known US attack on a target inside that country.
Trump, who has provided few additional details on the “big facility” action, told reporters on Monday that “there was a major explosion in the dock area where they load the boats up with drugs” and that an “implementation area” was “no longer around.”
Maduro has repeatedly criticized the US military deployment in the Caribbean and accused the US of waging a campaign of “psychological terrorism” against his country.
In a response to Trump ordering a “complete” blockade of sanctioned oil tankers entering and leaving Venezuela earlier this month, Venezuela's National Assembly approved a law last week that allows for prison terms of up to 20 years for anyone found supporting “piracy” or “blockades.”
This headline and story has been updated with Wednesday's strike.","100","Demand"
"https://nypost.com/2025/12/31/opinion/kathy-hochuls-suck-up-to-the-left-this-year-could-leave-ny-is-sorry-shape/","Kathy Hochul’s suck","2025","NY Post","right","Gov. Kathy Hochul heads into her reelection year aiming to make the best of her dismal record — while simultaneously seeking to placate the far left and co-opt Mayor Zohran Mamdani's backers by caving to his demands, even if hurts
New Yorkers.
Hope for the best, New York — but brace for the worst.
Ever since becoming the Empire State's latest “accidental governor” (not even then-Gov. Andrew Cuomo, who tapped her as lieutenant gov, ever dreamed she'd wind up in his seat), Hochul has repeatedly proven she's got less backbone than a jellyfish.
Over her 4½ years as the state's chief executive, she's endlessly kowtowed to the left and shifted with the political winds.
Even before Mamdani cleared a (razor thin) majority of votes in November, Hochul raced to jump on his bandwagon and endorse him
— plainly deciding that her own political future depends on compromise (at least!) with his toxic agenda of de-policing, antisemitism, higher taxes and assorted socialist fancies.
Mamdani must heed state call to reduce bloated welfare spending — before looking to hike taxes
MTA ad madness strips riders of any hope for a smidge of peace and quiet
What are 'moderate' Democrats FOR?
That fits her record: The few times she's dared to confront progressives in the Legislature, she's done it feebly — rarely getting more than a few crumbs.
lawmakers run roughshod in torpedoing Hector LaSalle, her nominee to become the state's chief judge — the first time a New York governor's nomination for that job was shot down.
It wouldn't be her only humiliation.
Hochul was too timid to push hard to fix Albany's disastrous criminal-justice reforms, which fueled a crime spike (major felonies in the city are still
25% higher than before cashless bail began in 2020) and forced shopkeepers to lock toothpaste behind display windows.
editorial
Watch for Kathy Hochul to sprint to the left as lawmakers return to Albany
Eventually, she got only modest changes through the Legislature: a few minor tweaks to the no-bail law and the rules for “discovery” (which govern prosecutors' evidence-gathering and -sharing).
Today, New York still remains the only state that bans judges from considering a defendant's danger to the community when determining bail.
The Raise the Age law continues to destroy teen lives in record numbers.
And defendants are released every day just hours after they're arrested, in the case of most crimes.
Hochul also made little headway in lifting the cap on public charter schools, even though they consistently blow away traditional schools in the percentage of kids who meet proficiency standards.
Talk about affordability
! Charters are the only way many lower-income kids can afford to get a decent education, but Hochul has effectively given up on challenging anti-charter Democrats to lift the cap, let alone scrap it.
Nor has she said much about the horrific state of New York public schools generally: Nearly half the kids aren't “proficient” in math and English.
True, the state's Constitution oddly assigns most responsibility for schools to the Board of Regents, whose members are chosen by the Democratic-controlled Legislature.
But if Hochul truly cared about kids' education, she'd not only have pressed harder to get the charter cap scrapped, but also made a huge stink about the pathetic state of the regular public-school system.
But apparently she's fine with half the state's kids flunking.
Her record on that system, in which the only sure way to escape lousy public schools is to pay for better private ones, is just one example of what makes her calls for “affordability” so laughable.
Consider, too:
She's suddenly stepping back
(a bit) from her budget-busting green agenda, now that the costs are starting to take a major bite out of voters' pocketbooks.
editorial
Don't believe Kathy Hochul's all-too-cute claims to have U-turned on climate clampdown
But make no mistake: The added dollars are largely her fault; she could've retreated years ago, and moved to scrap the whole “zero emissions” plan rather than merely delay it.
Instead, it took the coming election, and warnings of possible blackouts this summer, to get her just to lift a finger.
So now she's putting off a program that slaps companies that exceed emissions limits, and suspending the state's all-electric buildings law as well.
She also OK'd a key gas pipeline and claims she's now for an “all-of-the-above” strategy — yet she leaves out several energy sources and won't even mention the word “fracking,” though allowing that perfectly safe drilling method would be a real economic boon to the gas-rich Southern Tier and a boost (via cheaper energy) to the whole state.
Nor is she scrapping her Sustainable Future Program, a boondoggle burning $1 billion
As for New York's fanciful zero-emission goals, she admits the state won't meet imminent deadlines but remains in denial about the impossibility of meeting them any decade soon without tanking local economies.
Once the election is over, count on Hochul to pivot back to her costly climate agenda, just as she similarly “paused” hefty congestion tolls in Manhattan as the 2024 election approached —
She's flip-flopping on taxes
, too: After repeatedly vowing not to raise them, Hochul has now hinted about socking corporations again to pay for yet a new entitlement : government-paid child care.
That would be a sop to Mamdani and his “tax the rich” voters.
But companies (those that don't flee the state altogether, taking jobs and tax revenue with them) will only raise their prices to cover the cost of those taxes.
How does that promote “affordability”?
Indeed, it's downright scary to wonder how far the gov will go to pander to Gotham's new socialist, antisemitic mayor and his fans.
Then again, such a strategy could well backfire : Again, nearly half (49.2%) of
New York City's voters refused to back Mamdani last year; the far less left-leaning statewide electorate would never get behind someone who follows a radical, Mamdani-backed course.
Yet Hochul plainly figures she needs to shift left to avoid falling prey to a lefty primary challenger, or seeing a progressive third-party candidate doom her fall campaign.
Thanks to decades of misguided leadership in Albany, New York's share of the US population has been plunging for decades — which is why the state now gets only 26 seats in the House, down from 45 as recently as the 1940s.
If Hochul sticks to her spineless, suck-up style of governing, it'll only get worse.","036","Express intent to meet/negotiate"
"https://nypost.com/2025/12/31/us-news/day-care-owner-allegedly-killed-infant-after-bashing-his-head-into-the-floor/","Callous day care owner allegedly killed infant by bashing his head into floor during diaper change","2025","NY Post","right","A heartless Arkansas day care owner was charged with capital murder after she allegedly snapped and slammed an infant's head into the floor multiple times while changing his diaper, police said.
Erin Sauls, 23, was arrested Tuesday after fatally bashing the 8-month-old boy's head into the hardwood floor three times at her Little Rock home day care when she developed a “headache” and became “frustrated” during a diaper change, according to charging documents obtained by multiple outlets.
After the savage beating, the infant became hot and sweaty, prompting the suspect to give him a bottle — but 15 minutes later, he wasn't breathing, the Arkansas Democrat Gazette reported.
3
Erin Sauls, 23, was charged with capital murder for killing an 8-month-old in her care.
Little Rock Police Department
Cops rushed to the Clifton Drive home around 11:14 a.m. to find the baby unresponsive, with first responders performing CPR while en route to a local hospital, according to Little Rock police.
The infant — identified by his family as Elijah Flowerday — was pronounced dead at the medical center after suffering a skull fracture and brain bleed, KATV reported.
Pervy NYC day care teacher molested four young girls over 18 months: DA
Two scammers plead guilty to $68M Brooklyn adult day care fraud scheme
Minn. day care worker accused of fatally suffocating baby days before his first birthday 'to seek attention' 3
The 8-month-old victim, identified as Elijah Flowerday, died after suffering a skull fracture and brain bleed.
Gofundme
The violent death was ruled a homicide, and the callous caretaker was taken into custody after allegedly confessing to the ruthless attack.
Trinity Russell, the boy's grief-stricken mother, told authorities her son was in good health when she dropped him off with Sauls that morning, the arrest report showed, per the Gazette.
“Isaac Flowerday and his family are facing an unimaginable loss after the passing of their beloved baby boy, Elijah,” the heartbroken family said on a GoFundMe.
3
Police said the suspect bashed the boy's head into the floor while changing his diaper.
Gofundme
“This tragedy has left Isaac, Trinity, and their son Laylon heartbroken as they grieve the loss of their son and little brother. The days ahead will be incredibly difficult as they try to find comfort and healing together as a family.”
Sauls was arraigned Wednesday morning in Little Rock District Court and pleaded not guilty to capital murder, jail records show.
She is being held behind bars at the Pulaski County jail without bond until her trial.","042","Make a visit"
"https://nypost.com/2025/12/31/us-news/grandfather-who-ran-back-into-burning-stockton-home-to-save-grandson-dies/","Hero grandfather dies after running into house fire to save 14-year-old grandson — ‘never came out’","2025","NY Post","right","A hero grandfather died after he ran into his burning California home to save his 14-year-old grandson, his heartbroken family said.
Jose Villalta, 69, sprinted into the home in Stockton early Saturday after realizing his grandson was the only one who hadn't made it out of the inferno.
4
“Without hesitation, he goes inside,” Jose Villalta's son, Wilbert Villalta, told Fox10.
4
Jose Villalta's son says the flames were intense and Jose just never came out.
FOX
“Without hesitation, he goes inside. I've seen footage of the flames, and they were intense. He got [his grandson] out, and then, he just never came out,” his son, Wilbert Villalta, told Fox10
Just moments before his tragic final act of love, the retired school custodian had managed to get all of his other family members out after smelling smoke.
4
Jose Villalta died after saving his grandson from a house fire in Stockton, Calif., on Saturday.
FOX
His grief-stricken family said if it weren't for his quick-thinking, the entire family may have been killed.
“After looking at the house, I realized that it could have been a lot worse. Everyone in there could have perished. So, it was a miracle that everyone got out,” the patriarch's son said.
4
It's not immediately clear what started the fire that engulfed the entire home.
FOX
“He loved his family. I knew in my heart he would give his life for his family. I just didn't expect it to happen.”
CEO who grabbed teen's neck, tossed him to floor for splashing drink on his wife learns his fate
Megyn Kelly shares decades-old photo of Clinton allegedly ogling her young friend — hours before Epstein testimony
Ex-stripper who falsely accused Duke lacrosse players of rape walks free years after killing boyfriend
The blaze ended up torching the entire home.
It wasn't immediately clear what sparked the fire, but investigators are probing the cause.
Villalta was the beloved retired custodian at the local Ripon Unified School District, according to a tribute on a
GoFundMe page set up to help rebuild the family's home.
“He drove kids on field trips, to games and helped teachers with their classrooms with love and dedication until his retirement,” the family tribute said.
“A migrant from El Salvador, Jose has worked hard to provide for his family and purchase a home for them. He is husband to Flor, and he's also a father, grandfather, a brother, and friend to many who appreciate his big bright smile, and charismatic sense of humor.”","010","Make statement"
"https://nypost.com/2025/12/31/us-news/mamdani-hochul-should-support-payroll-tax-to-fund-universal-child-care-liberal-think-tank-says/","Tax hike on NY workers will be needed to fund universal childcare program backed by Mamdani, Hochul: report","2025","NY Post","right","Workers in New York will have to pay higher taxes to fund the massive universal childcare program backed by incoming Big Apple Mayor Zohran Mamdani and Gov. Kathy Hochul, according to a new study.
The report from the liberal think tank the Fiscal Policy Institute found that tax hikes on corporations and millionaires alone won't cover the $8 billion annual statewide bill for the program.
6
The Fiscal Policy Institute's report found that tax hikes on corporations and millionaires alone won't cover the cost of Mamdani's proposed universal childcare program.
Stephen Yang for the NY Post
Other income earners will need to chip in, likely with a payroll-tax hike, to finance the pledged childcare for kids ages 6 months and up, said the labor-backed group.
“It is neither economically nor fiscally realistic to expect that the full $8 billion cost of statewide childcare can come from only the richest New Yorkers,” the Fiscal Policy Institute report released
Wednesday said.
Super-secretive Bohemian Grove society members allegedly leaked as who's who of celebrity elite
Never-before-seen video from Nancy Guthrie's neighbor captures several cars driving nearby Tucson home night of kidnapping
Stunned upstate NY mom gives birth to massive, record-breaking baby: 'We didn't expect this'
The socialist Mamdani — who takes his oath of office moments after midnight Jan. 1 — has said delivering “no-cost” childcare for city kids ages 6 weeks to 5 years will be one of his top priorities during his first year in office.
The lefty pol has also vowed to quickly deliver on his big-ticket campaign promises such as offering city-run grocery stores, free buses and freezing rents — a slate of socialist freebies and other agenda items that are expected to cost more than $10 billion.
6
Other income earners will need to chip in, likely with a payroll-tax hike, to finance the pledged childcare for kids ages 6 months and up, said the labor-backed group.
He's proposed paying for his $6 billion childcare program by raising taxes on corporations and the top 1% of income earners, generating an estimated $9 billion combined.
But the head of one of the city's top business advocacy groups said taxes are already too high and that City Hall and Albany should pare back spending to foot the childcare bill instead.
Raising taxes on nearly all income earners would only worsen the affordability crisis — which both Mamdani and Hochul, who is running for re-election next year, have made their top issue.
“While it would be great to offer families free childcare, the first place to look for revenue is spending cuts that free up city and state resources for this important purpose,” said Kathryn Wylde, CEO of the Partnership for The City of New York.
6
Mamdani's proposed paying for his $6 billion childcare program by raising taxes on corporations and the top 1% of income earners, generating an estimated $9 billion combined.
fiscalpolicy
The FPI proposed a new 0.43% childcare payroll tax should be imposed on wage earners making more than $25,000 a year to help fund the program for kids starting at 6 months.
The payroll tax would generate $3.6 billion, the group said.
It backed soaking the rich and corporations, as well.
A 25% surcharge on corporate taxes would generate $2.2 billion, a 1% income tax increase on incomes over $1 million in New York City would yield $1.5 billion, while a 0.43% tax on investments would produce another $700 million, the FPI report said.
6
Raising taxes on nearly all income earners would only worsen the affordability crisis — which both Mamdani and Hochul, who is running for re-election next year, have made their top issue.
The proposal is modeled after the payroll mobility tax that Hochul and the state Legislature approved last year to help fund the Metropolitan Transportation Authority, FPI authors Nathan Gusdorf and Andrew Perry said.
New York also already uses a payroll tax to fund its Paid Family Leave program by raising nearly $1 billion per year, the report said.
The FPI proposal recommends expanding and broadening that tax to finance universal child care.
The current tax covers the first $93,500 of a taxpayer's earnings. FPI's proposal removes the earnings cap so the tax rate applies to all earnings, while exempting it for those earning less than $25,000 a year and cutting it in half for those making between $25,000 and $50,000.
6
New York also already uses a payroll tax to fund its Paid Family Leave program by raising nearly $1 billion per year, the report said.
The group argued that a modest payroll tax across the board was fair, given the thousands of parents who would benefit from the fully subsidized childcare.
“It is preferable for almost everyone to pay a small annual tax to fund universal childcare provision and avoid the cost spike of high tuition costs in the years in which they need childcare,” FPI said.
New York City is further along than the rest of the state in providing early childhood education and care, with pre-kindergarten classes available to 3- and 4-year-olds.
Hochul, who will be seeking a second, four-year term in 2026, is expected to lay out the details of her universal childcare plan in her Jan. 13 “State of the State” policy address.
6
New York City is further along than the rest of the state in providing early childhood education and care, with pre-kindergarten classes available to 3- and 4-year-olds.
Stephen Yang for NY Post
“Governor Hochul remains focused on making New York the best and most affordable place to raise a family,” a rep said in a statement when asked about FPI's tax proposals.
“As NY's first mom-governor, no one has done more to support and expand child care statewide than Governor Hochul and she looks forward to working with state and local partners to build on that progress and put NY on a path to universal child care.”
Wylde predicted that a payroll tax would be politically unpopular if it hits nearly all income earners, making it unlikely.
“This sounds fair, but it overlooks the political reality that people support tax increases that do not apply to them, so I doubt this approach will fly,” she said of the FPI proposal.
“It also ignores the fact that high earners who live in New York City and its suburbs already pay a disproportionately large share of state taxes, with more than half their earned income going to the government,” Wylde added.
“This situation is unsustainable, as demonstrated by New York's declining share of America's millionaires.”","020","Appeal"
"https://nypost.com/2025/12/31/us-news/nycs-horse-carriages-must-get-city-vet-inspection-or-have-license-revoked-11th-hour-adams-order/","NYC’s horse carriages must get city vet inspection or have license revoked: 11th","2025","NY Post","right","The city won't be taking “neigh” for an answer.
Gotham's fleet of horse-carriage drivers will be mandated to have their animals undergo a city-hired veterinarian inspection – probing for drugs, injuries and potential abuse – or risk losing their coveted licenses, according to an executive order signed by Mayor Eric Adams hours before successor
Zohran Mamdani took the reins of the city
The move comes weeks after city-hired veterinarian Dr. Kraig Kulikowski attempted to conduct “independent” testing on a sampling of a dozen carriage horses across three stables but was thwarted.
4
Big Apple horse-carriage drivers will now have to allow their animals to be tested or risk losing their licenses.
Luiz C. Ribeiro for New York Post
At first glance, he made disturbing observations including scars consistent with ill-fitting equipment and “imply[ing] some signs of abuse” on the equines, outgoing First Deputy Mayor Randy Mastro told The Post at the time.
All 12 horses' carriage owners refused “standard” follow-up tests such as trotting to evaluate possible lameness and blood testing for drugs such as painkillers,
The Post previously reported.
CEO who grabbed teen's neck, tossed him to floor for splashing drink on his wife learns his fate
Megyn Kelly shares decades-old photo of Clinton allegedly ogling her young friend — hours before Epstein testimony
Ex-stripper who falsely accused Duke lacrosse players of rape walks free years after killing boyfriend
“There's a right to do examinations, and now the horse carriage owners will be on full notice of the consequences of their actions that they continue this stonewalling,” Mastro told The Post on Wednesday, referring to Adams' executive order.
4
The industry has been under fire for alleged animal abuses.
Luiz C. Ribeiro for New York Post 4
Tourists still love the business.
Luiz C. Ribeiro for New York Post
John Samuelsen, the president of the labor union that represents the carriage horse drivers, previously argued that the group has “nothing to hide” and “would welcome a truly independent review by equine veterinarians affiliated with major universities,” alleging the vet who City Hall hired is biased against the industry.
Kulikowski has been described as “our veterinarian” by Equine Advocates, a horse sanctuary nonprofit that has advocated against the practice of horse carriage rides.
4
Mayor Eric Adams signed the executive order hours before a new mayor took the reins.
A City Hall rep has told The Post Kulikowski was the only person with the necessary qualifications to apply for the $20,000 contract in November.
The city Health Department will be issuing notices to the owners of each of the city's 200-plus carriage horses by Jan. 6 to coordinate exams.
Exams are slated to begin in February. Those who refuse exams risk license suspension or removal by the Health Department, the executive order reads.
It will ultimately be up to the incoming Mamdani administration's Health Department to enforce the new mandate, Mastro said, as new mayors reserve the right to continue to end executive orders.
At a news conference Tuesday, the mayor-elected appeared to change his tune regarding the horse carriage industry.
While Mamdani, who is slated to be sworn into office Jan. 1, has previously indicated support both for a ban on the carriages as well as the formation of a panel to study the decades-old industry
, he told reporters Tuesday that he will “support removing horse carriages from Central Park.
“I plan to deliver on that,” he added.","010","Make statement"
"https://www.cnn.com/2025/12/31/politics/us-strikes-alleged-drug-vessels","US military says at least eight killed in new strikes on alleged drug boats, with survivors abandoning ship","2025","CNN","left","US military strikes against alleged drug boats have killed at least eight people over the past two days – the latest salvos in the United States' escalating actions against what it says are drug traffickers.
US Southern Command said the military struck two boats “operated by Designated Terrorist Organizations,” killing five people.
The day before, Tuesday, the US struck what it described as a “convoy” of three boats participating in the trafficking of narcotics, SOUTHCOM announced in a post to X on Wednesday. Three people aboard one boat were killed, while those in the other two abandoned their vessel.
SOUTHCOM said it notified the US Coast Guard after Tuesday's strike to activate search and rescue efforts. It's unclear whether any survivors have been recovered.
“The U.S. Coast Guard is coordinating search and rescue operations with vessels in the area,” a USCG spokesperson said in a statement, adding that “a Coast Guard C-130 aircraft is en route to provide further search coverage with the ability to drop a survival raft and supplies.”
The announcement of the latest US strikes offered no details about where they occurred – not even a body of water – as has been the case in the past. The military only said the Tuesday strikes occurred in “international waters.”
Earlier this week, on Monday, the US military said it struck a boat in the eastern Pacific Ocean
, killing two people on board. That brings the total from three days of strikes this week to 10 people killed and six boats sunk, according to SOUTHCOM's information.
US strikes were first concentrated in the Caribbean Sea but the focus was later shifted to the eastern Pacific Ocean because administration officials believed they had stronger evidence linking cocaine transport to the US from those western routes, CNN previously reported.
CNN has reached out to Southern Command regarding the search and rescue mission for any survivors of Tuesday's strikes.
The Pentagon has rarely been proactive in acknowledging the survivors of prior strikes and military officials have come under intense scrutiny for their handling of those cases.
The most controversial was the first known strike against an alleged drug boat on September 2, in which CNN reported that US forces carried out a “follow-on strike” killing two survivors of the initial blast.
That revelation has prompted allegations of a possible war crime with some lawmakers demanding answers from the commander in charge.
In a subsequent strike, survivors were briefly detained aboard a US Navy ship before they were repatriated back to their home countries. In a third strike, the Pentagon contacted Mexican officials and tasked them with leading a search and rescue mission for one survivor who was never located. That individual is now presumed dead.
The new strikes bring the total number of vessels targeted by the US to at least 36 and the number of fatalities to at least 115 since the US began its campaign in September.
The Trump administration has claimed it is carrying out the strikes to stop the flow of drugs into the United States, but administration officials have also suggested they are part of a pressure campaign aimed at ousting Venezuelan leader Nicolás Maduro, from whose country many of the stricken vessels have originated.
White House chief of staff Susie Wiles told Vanity Fair in interviews for a story published earlier this month that Trump wants to keep targeting boats until Maduro “cries uncle.”
Last week President Donald Trump said the United States took out a “big facility” as part of a pressure campaign against Venezuela that has included a massive US naval and troop buildup in the Caribbean and a blockade of sanctioned oil tankers, in addition to the strikes.
The CIA carried out a drone strike earlier this month on a port facility on the coast of Venezuela, sources familiar with the matter told CNN
, marking the first known US attack on a target inside that country.
Trump, who has provided few additional details on the “big facility” action, told reporters on Monday that “there was a major explosion in the dock area where they load the boats up with drugs” and that an “implementation area” was “no longer around.”
Maduro has repeatedly criticized the US military deployment in the Caribbean and accused the US of waging a campaign of “psychological terrorism” against his country.
In a response to Trump ordering a “complete” blockade of sanctioned oil tankers entering and leaving Venezuela earlier this month, Venezuela's National Assembly approved a law last week that allows for prison terms of up to 20 years for anyone found supporting “piracy” or “blockades.”
This headline and story has been updated with Wednesday's strike.","100","Demand"
"https://nypost.com/2025/12/31/opinion/kathy-hochuls-suck-up-to-the-left-this-year-could-leave-ny-is-sorry-shape/","Kathy Hochul’s suck","2025","NY Post","right","Gov. Kathy Hochul heads into her reelection year aiming to make the best of her dismal record — while simultaneously seeking to placate the far left and co-opt Mayor Zohran Mamdani's backers by caving to his demands, even if hurts
New Yorkers.
Hope for the best, New York — but brace for the worst.
Ever since becoming the Empire State's latest “accidental governor” (not even then-Gov. Andrew Cuomo, who tapped her as lieutenant gov, ever dreamed she'd wind up in his seat), Hochul has repeatedly proven she's got less backbone than a jellyfish.
Over her 4½ years as the state's chief executive, she's endlessly kowtowed to the left and shifted with the political winds.
Even before Mamdani cleared a (razor thin) majority of votes in November, Hochul raced to jump on his bandwagon and endorse him
— plainly deciding that her own political future depends on compromise (at least!) with his toxic agenda of de-policing, antisemitism, higher taxes and assorted socialist fancies.
Mamdani must heed state call to reduce bloated welfare spending — before looking to hike taxes
MTA ad madness strips riders of any hope for a smidge of peace and quiet
What are 'moderate' Democrats FOR?
That fits her record: The few times she's dared to confront progressives in the Legislature, she's done it feebly — rarely getting more than a few crumbs.
lawmakers run roughshod in torpedoing Hector LaSalle, her nominee to become the state's chief judge — the first time a New York governor's nomination for that job was shot down.
It wouldn't be her only humiliation.
Hochul was too timid to push hard to fix Albany's disastrous criminal-justice reforms, which fueled a crime spike (major felonies in the city are still
25% higher than before cashless bail began in 2020) and forced shopkeepers to lock toothpaste behind display windows.
editorial
Watch for Kathy Hochul to sprint to the left as lawmakers return to Albany
Eventually, she got only modest changes through the Legislature: a few minor tweaks to the no-bail law and the rules for “discovery” (which govern prosecutors' evidence-gathering and -sharing).
Today, New York still remains the only state that bans judges from considering a defendant's danger to the community when determining bail.
The Raise the Age law continues to destroy teen lives in record numbers.
And defendants are released every day just hours after they're arrested, in the case of most crimes.
Hochul also made little headway in lifting the cap on public charter schools, even though they consistently blow away traditional schools in the percentage of kids who meet proficiency standards.
Talk about affordability
! Charters are the only way many lower-income kids can afford to get a decent education, but Hochul has effectively given up on challenging anti-charter Democrats to lift the cap, let alone scrap it.
Nor has she said much about the horrific state of New York public schools generally: Nearly half the kids aren't “proficient” in math and English.
True, the state's Constitution oddly assigns most responsibility for schools to the Board of Regents, whose members are chosen by the Democratic-controlled Legislature.
But if Hochul truly cared about kids' education, she'd not only have pressed harder to get the charter cap scrapped, but also made a huge stink about the pathetic state of the regular public-school system.
But apparently she's fine with half the state's kids flunking.
Her record on that system, in which the only sure way to escape lousy public schools is to pay for better private ones, is just one example of what makes her calls for “affordability” so laughable.
Consider, too:
She's suddenly stepping back
(a bit) from her budget-busting green agenda, now that the costs are starting to take a major bite out of voters' pocketbooks.
editorial
Don't believe Kathy Hochul's all-too-cute claims to have U-turned on climate clampdown
But make no mistake: The added dollars are largely her fault; she could've retreated years ago, and moved to scrap the whole “zero emissions” plan rather than merely delay it.
Instead, it took the coming election, and warnings of possible blackouts this summer, to get her just to lift a finger.
So now she's putting off a program that slaps companies that exceed emissions limits, and suspending the state's all-electric buildings law as well.
She also OK'd a key gas pipeline and claims she's now for an “all-of-the-above” strategy — yet she leaves out several energy sources and won't even mention the word “fracking,” though allowing that perfectly safe drilling method would be a real economic boon to the gas-rich Southern Tier and a boost (via cheaper energy) to the whole state.
Nor is she scrapping her Sustainable Future Program, a boondoggle burning $1 billion
As for New York's fanciful zero-emission goals, she admits the state won't meet imminent deadlines but remains in denial about the impossibility of meeting them any decade soon without tanking local economies.
Once the election is over, count on Hochul to pivot back to her costly climate agenda, just as she similarly “paused” hefty congestion tolls in Manhattan as the 2024 election approached —
She's flip-flopping on taxes
, too: After repeatedly vowing not to raise them, Hochul has now hinted about socking corporations again to pay for yet a new entitlement : government-paid child care.
That would be a sop to Mamdani and his “tax the rich” voters.
But companies (those that don't flee the state altogether, taking jobs and tax revenue with them) will only raise their prices to cover the cost of those taxes.
How does that promote “affordability”?
Indeed, it's downright scary to wonder how far the gov will go to pander to Gotham's new socialist, antisemitic mayor and his fans.
Then again, such a strategy could well backfire : Again, nearly half (49.2%) of
New York City's voters refused to back Mamdani last year; the far less left-leaning statewide electorate would never get behind someone who follows a radical, Mamdani-backed course.
Yet Hochul plainly figures she needs to shift left to avoid falling prey to a lefty primary challenger, or seeing a progressive third-party candidate doom her fall campaign.
Thanks to decades of misguided leadership in Albany, New York's share of the US population has been plunging for decades — which is why the state now gets only 26 seats in the House, down from 45 as recently as the 1940s.
If Hochul sticks to her spineless, suck-up style of governing, it'll only get worse.","036","Express intent to meet/negotiate"
"https://nypost.com/2025/12/31/us-news/day-care-owner-allegedly-killed-infant-after-bashing-his-head-into-the-floor/","Callous day care owner allegedly killed infant by bashing his head into floor during diaper change","2025","NY Post","right","A heartless Arkansas day care owner was charged with capital murder after she allegedly snapped and slammed an infant's head into the floor multiple times while changing his diaper, police said.
Erin Sauls, 23, was arrested Tuesday after fatally bashing the 8-month-old boy's head into the hardwood floor three times at her Little Rock home day care when she developed a “headache” and became “frustrated” during a diaper change, according to charging documents obtained by multiple outlets.
After the savage beating, the infant became hot and sweaty, prompting the suspect to give him a bottle — but 15 minutes later, he wasn't breathing, the Arkansas Democrat Gazette reported.
3
Erin Sauls, 23, was charged with capital murder for killing an 8-month-old in her care.
Little Rock Police Department
Cops rushed to the Clifton Drive home around 11:14 a.m. to find the baby unresponsive, with first responders performing CPR while en route to a local hospital, according to Little Rock police.
The infant — identified by his family as Elijah Flowerday — was pronounced dead at the medical center after suffering a skull fracture and brain bleed, KATV reported.
Pervy NYC day care teacher molested four young girls over 18 months: DA
Two scammers plead guilty to $68M Brooklyn adult day care fraud scheme
Minn. day care worker accused of fatally suffocating baby days before his first birthday 'to seek attention' 3
The 8-month-old victim, identified as Elijah Flowerday, died after suffering a skull fracture and brain bleed.
Gofundme
The violent death was ruled a homicide, and the callous caretaker was taken into custody after allegedly confessing to the ruthless attack.
Trinity Russell, the boy's grief-stricken mother, told authorities her son was in good health when she dropped him off with Sauls that morning, the arrest report showed, per the Gazette.
“Isaac Flowerday and his family are facing an unimaginable loss after the passing of their beloved baby boy, Elijah,” the heartbroken family said on a GoFundMe.
3
Police said the suspect bashed the boy's head into the floor while changing his diaper.
Gofundme
“This tragedy has left Isaac, Trinity, and their son Laylon heartbroken as they grieve the loss of their son and little brother. The days ahead will be incredibly difficult as they try to find comfort and healing together as a family.”
Sauls was arraigned Wednesday morning in Little Rock District Court and pleaded not guilty to capital murder, jail records show.
She is being held behind bars at the Pulaski County jail without bond until her trial.","042","Make a visit"
"https://nypost.com/2025/12/31/us-news/grandfather-who-ran-back-into-burning-stockton-home-to-save-grandson-dies/","Hero grandfather dies after running into house fire to save 14-year-old grandson — ‘never came out’","2025","NY Post","right","A hero grandfather died after he ran into his burning California home to save his 14-year-old grandson, his heartbroken family said.
Jose Villalta, 69, sprinted into the home in Stockton early Saturday after realizing his grandson was the only one who hadn't made it out of the inferno.
4
“Without hesitation, he goes inside,” Jose Villalta's son, Wilbert Villalta, told Fox10.
4
Jose Villalta's son says the flames were intense and Jose just never came out.
FOX
“Without hesitation, he goes inside. I've seen footage of the flames, and they were intense. He got [his grandson] out, and then, he just never came out,” his son, Wilbert Villalta, told Fox10
Just moments before his tragic final act of love, the retired school custodian had managed to get all of his other family members out after smelling smoke.
4
Jose Villalta died after saving his grandson from a house fire in Stockton, Calif., on Saturday.
FOX
His grief-stricken family said if it weren't for his quick-thinking, the entire family may have been killed.
“After looking at the house, I realized that it could have been a lot worse. Everyone in there could have perished. So, it was a miracle that everyone got out,” the patriarch's son said.
4
It's not immediately clear what started the fire that engulfed the entire home.
FOX
“He loved his family. I knew in my heart he would give his life for his family. I just didn't expect it to happen.”
Super-secretive Bohemian Grove society members allegedly leaked as who's who of celebrity elite
Never-before-seen video from Nancy Guthrie's neighbor captures several cars driving nearby Tucson home night of kidnapping
Stunned upstate NY mom gives birth to massive, record-breaking baby: 'We didn't expect this'
The blaze ended up torching the entire home.
It wasn't immediately clear what sparked the fire, but investigators are probing the cause.
Villalta was the beloved retired custodian at the local Ripon Unified School District, according to a tribute on a
GoFundMe page set up to help rebuild the family's home.
“He drove kids on field trips, to games and helped teachers with their classrooms with love and dedication until his retirement,” the family tribute said.
“A migrant from El Salvador, Jose has worked hard to provide for his family and purchase a home for them. He is husband to Flor, and he's also a father, grandfather, a brother, and friend to many who appreciate his big bright smile, and charismatic sense of humor.”","010","Make statement"
"https://nypost.com/2025/12/31/us-news/mamdani-hochul-should-support-payroll-tax-to-fund-universal-child-care-liberal-think-tank-says/","Tax hike on NY workers will be needed to fund universal childcare program backed by Mamdani, Hochul: report","2025","NY Post","right","Workers in New York will have to pay higher taxes to fund the massive universal childcare program backed by incoming Big Apple Mayor Zohran Mamdani and Gov. Kathy Hochul, according to a new study.
The report from the liberal think tank the Fiscal Policy Institute found that tax hikes on corporations and millionaires alone won't cover the $8 billion annual statewide bill for the program.
6
The Fiscal Policy Institute's report found that tax hikes on corporations and millionaires alone won't cover the cost of Mamdani's proposed universal childcare program.
Stephen Yang for the NY Post
Other income earners will need to chip in, likely with a payroll-tax hike, to finance the pledged childcare for kids ages 6 months and up, said the labor-backed group.
“It is neither economically nor fiscally realistic to expect that the full $8 billion cost of statewide childcare can come from only the richest New Yorkers,” the Fiscal Policy Institute report released
Wednesday said.
CEO who grabbed teen's neck, tossed him to floor for splashing drink on his wife learns his fate
Megyn Kelly shares decades-old photo of Clinton allegedly ogling her young friend — hours before Epstein testimony
Ex-stripper who falsely accused Duke lacrosse players of rape walks free years after killing boyfriend
The socialist Mamdani — who takes his oath of office moments after midnight Jan. 1 — has said delivering “no-cost” childcare for city kids ages 6 weeks to 5 years will be one of his top priorities during his first year in office.
The lefty pol has also vowed to quickly deliver on his big-ticket campaign promises such as offering city-run grocery stores, free buses and freezing rents — a slate of socialist freebies and other agenda items that are expected to cost more than $10 billion.
6
Other income earners will need to chip in, likely with a payroll-tax hike, to finance the pledged childcare for kids ages 6 months and up, said the labor-backed group.
He's proposed paying for his $6 billion childcare program by raising taxes on corporations and the top 1% of income earners, generating an estimated $9 billion combined.
But the head of one of the city's top business advocacy groups said taxes are already too high and that City Hall and Albany should pare back spending to foot the childcare bill instead.
Raising taxes on nearly all income earners would only worsen the affordability crisis — which both Mamdani and Hochul, who is running for re-election next year, have made their top issue.
“While it would be great to offer families free childcare, the first place to look for revenue is spending cuts that free up city and state resources for this important purpose,” said Kathryn Wylde, CEO of the Partnership for The City of New York.
6
Mamdani's proposed paying for his $6 billion childcare program by raising taxes on corporations and the top 1% of income earners, generating an estimated $9 billion combined.
fiscalpolicy
The FPI proposed a new 0.43% childcare payroll tax should be imposed on wage earners making more than $25,000 a year to help fund the program for kids starting at 6 months.
The payroll tax would generate $3.6 billion, the group said.
It backed soaking the rich and corporations, as well.
A 25% surcharge on corporate taxes would generate $2.2 billion, a 1% income tax increase on incomes over $1 million in New York City would yield $1.5 billion, while a 0.43% tax on investments would produce another $700 million, the FPI report said.
6
Raising taxes on nearly all income earners would only worsen the affordability crisis — which both Mamdani and Hochul, who is running for re-election next year, have made their top issue.
The proposal is modeled after the payroll mobility tax that Hochul and the state Legislature approved last year to help fund the Metropolitan Transportation Authority, FPI authors Nathan Gusdorf and Andrew Perry said.
New York also already uses a payroll tax to fund its Paid Family Leave program by raising nearly $1 billion per year, the report said.
The FPI proposal recommends expanding and broadening that tax to finance universal child care.
The current tax covers the first $93,500 of a taxpayer's earnings. FPI's proposal removes the earnings cap so the tax rate applies to all earnings, while exempting it for those earning less than $25,000 a year and cutting it in half for those making between $25,000 and $50,000.
6
New York also already uses a payroll tax to fund its Paid Family Leave program by raising nearly $1 billion per year, the report said.
The group argued that a modest payroll tax across the board was fair, given the thousands of parents who would benefit from the fully subsidized childcare.
“It is preferable for almost everyone to pay a small annual tax to fund universal childcare provision and avoid the cost spike of high tuition costs in the years in which they need childcare,” FPI said.
New York City is further along than the rest of the state in providing early childhood education and care, with pre-kindergarten classes available to 3- and 4-year-olds.
Hochul, who will be seeking a second, four-year term in 2026, is expected to lay out the details of her universal childcare plan in her Jan. 13 “State of the State” policy address.
6
New York City is further along than the rest of the state in providing early childhood education and care, with pre-kindergarten classes available to 3- and 4-year-olds.
Stephen Yang for NY Post
“Governor Hochul remains focused on making New York the best and most affordable place to raise a family,” a rep said in a statement when asked about FPI's tax proposals.
“As NY's first mom-governor, no one has done more to support and expand child care statewide than Governor Hochul and she looks forward to working with state and local partners to build on that progress and put NY on a path to universal child care.”
Wylde predicted that a payroll tax would be politically unpopular if it hits nearly all income earners, making it unlikely.
“This sounds fair, but it overlooks the political reality that people support tax increases that do not apply to them, so I doubt this approach will fly,” she said of the FPI proposal.
“It also ignores the fact that high earners who live in New York City and its suburbs already pay a disproportionately large share of state taxes, with more than half their earned income going to the government,” Wylde added.
“This situation is unsustainable, as demonstrated by New York's declining share of America's millionaires.”","020","Appeal"
"https://nypost.com/2025/12/31/us-news/nycs-horse-carriages-must-get-city-vet-inspection-or-have-license-revoked-11th-hour-adams-order/","NYC’s horse carriages must get city vet inspection or have license revoked: 11th","2025","NY Post","right","The city won't be taking “neigh” for an answer.
Gotham's fleet of horse-carriage drivers will be mandated to have their animals undergo a city-hired veterinarian inspection – probing for drugs, injuries and potential abuse – or risk losing their coveted licenses, according to an executive order signed by Mayor Eric Adams hours before successor
Zohran Mamdani took the reins of the city
The move comes weeks after city-hired veterinarian Dr. Kraig Kulikowski attempted to conduct “independent” testing on a sampling of a dozen carriage horses across three stables but was thwarted.
4
Big Apple horse-carriage drivers will now have to allow their animals to be tested or risk losing their licenses.
Luiz C. Ribeiro for New York Post
At first glance, he made disturbing observations including scars consistent with ill-fitting equipment and “imply[ing] some signs of abuse” on the equines, outgoing First Deputy Mayor Randy Mastro told The Post at the time.
All 12 horses' carriage owners refused “standard” follow-up tests such as trotting to evaluate possible lameness and blood testing for drugs such as painkillers,
The Post previously reported.
Super-secretive Bohemian Grove society members allegedly leaked as who's who of celebrity elite
Never-before-seen video from Nancy Guthrie's neighbor captures several cars driving nearby Tucson home night of kidnapping
Stunned upstate NY mom gives birth to massive, record-breaking baby: 'We didn't expect this'
“There's a right to do examinations, and now the horse carriage owners will be on full notice of the consequences of their actions that they continue this stonewalling,” Mastro told The Post on Wednesday, referring to Adams' executive order.
4
The industry has been under fire for alleged animal abuses.
Luiz C. Ribeiro for New York Post 4
Tourists still love the business.
Luiz C. Ribeiro for New York Post
John Samuelsen, the president of the labor union that represents the carriage horse drivers, previously argued that the group has “nothing to hide” and “would welcome a truly independent review by equine veterinarians affiliated with major universities,” alleging the vet who City Hall hired is biased against the industry.
Kulikowski has been described as “our veterinarian” by Equine Advocates, a horse sanctuary nonprofit that has advocated against the practice of horse carriage rides.
4
Mayor Eric Adams signed the executive order hours before a new mayor took the reins.
A City Hall rep has told The Post Kulikowski was the only person with the necessary qualifications to apply for the $20,000 contract in November.
The city Health Department will be issuing notices to the owners of each of the city's 200-plus carriage horses by Jan. 6 to coordinate exams.
Exams are slated to begin in February. Those who refuse exams risk license suspension or removal by the Health Department, the executive order reads.
It will ultimately be up to the incoming Mamdani administration's Health Department to enforce the new mandate, Mastro said, as new mayors reserve the right to continue to end executive orders.
At a news conference Tuesday, the mayor-elected appeared to change his tune regarding the horse carriage industry.
While Mamdani, who is slated to be sworn into office Jan. 1, has previously indicated support both for a ban on the carriages as well as the formation of a panel to study the decades-old industry
, he told reporters Tuesday that he will “support removing horse carriages from Central Park.
“I plan to deliver on that,” he added.","010","Make statement"
